1,0,2,0,0,0,0,4,2,0,2,0,1,0,0,1,0,0,2,0,0,1,2,0,0,0,1,-0.44482
1,0,0,1,1,0,2,0,2,2,0,0,0,0,3,1,2,0,0,0,0,0,1,1,1,0,1,-0.37928
1,1,1,0,0,2,0,4,0,0,1,2,0,0,0,0,1,2,0,0,1,1,0,1,0,0,1,-0.32244
0,1,0,1,1,0,2,2,0,2,2,0,0,0,1,0,0,2,1,0,1,0,0,1,1,1,0,-0.5792
1,1,0,1,0,4,2,0,0,0,0,0,2,1,0,2,0,0,1,0,0,1,1,1,0,1,0,-0.29734
0,1,0,1,1,0,2,2,0,2,2,0,1,0,0,0,0,2,1,0,0,1,1,0,1,0,1,-0.50438
2,0,0,0,1,2,0,2,0,2,2,0,2,0,2,1,0,2,0,0,1,0,0,0,0,0,1,-0.29969
2,0,0,1,0,4,2,0,0,0,2,0,0,1,0,0,2,0,1,0,0,1,0,2,0,1,0,-0.25669000000000003
1,1,1,0,0,2,2,0,2,0,1,2,0,0,0,0,0,1,2,0,1,1,0,0,1,1,0,-0.3497
0,0,2,1,0,0,0,2,4,0,0,1,2,0,0,0,0,1,2,0,0,1,0,0,2,0,1,-0.40888
0,0,1,1,1,0,2,2,2,0,2,0,0,1,0,0,2,0,0,1,0,1,1,1,0,0,1,-0.53352
1,2,0,0,0,2,4,0,0,0,0,0,0,1,2,3,0,0,0,0,1,0,0,1,1,1,0,-0.21175
1,1,1,0,0,4,2,0,0,0,0,1,2,0,0,2,0,1,0,0,1,1,0,0,1,1,0,-0.2917
1,1,1,0,0,2,0,2,2,0,1,0,0,2,0,0,1,0,2,0,2,0,0,0,1,0,1,-0.40141
1,1,0,0,1,4,2,0,0,0,0,1,0,2,0,2,0,0,0,1,0,1,1,0,1,0,1,-0.32886
2,0,0,1,0,2,0,0,4,0,0,0,0,0,3,1,0,0,2,0,0,1,1,0,1,0,1,-0.22721
0,1,0,1,1,2,0,0,2,2,0,0,0,1,2,2,1,0,0,0,1,0,1,1,0,1,0,-0.45958000000000004
1,1,0,0,1,2,0,0,2,2,2,0,0,1,0,0,1,0,2,0,1,0,1,1,0,0,1,-0.52888
2,0,0,1,0,4,0,0,0,2,1,0,0,0,2,0,0,0,1,2,1,0,0,0,2,1,0,-0.18457
0,0,1,1,1,0,0,4,0,2,1,0,2,0,0,0,0,2,1,0,1,1,0,1,0,1,0,-0.42494
0,0,0,3,0,0,0,0,4,2,0,1,2,0,0,0,0,0,1,2,0,1,2,0,0,0,1,-0.60444
0,0,3,0,0,2,0,4,0,0,0,0,1,0,2,2,0,1,0,0,0,0,2,1,0,0,1,-0.04227
0,1,0,1,1,0,2,2,2,0,1,0,2,0,0,0,0,2,0,1,2,0,0,1,0,1,0,-0.58745
0,0,2,1,0,0,0,2,4,0,0,0,2,1,0,0,0,1,2,0,0,0,1,2,0,0,1,-0.40139
0,1,0,2,0,0,0,2,4,0,3,0,0,0,0,0,1,2,0,0,2,0,1,0,0,0,1,-0.56647
1,0,0,2,0,2,0,0,2,2,0,0,2,1,0,0,0,0,1,2,0,1,0,2,0,1,0,-0.36824
0,1,0,0,2,0,2,2,0,2,0,2,1,0,0,0,0,2,0,1,0,0,1,0,2,1,0,-0.56357
0,2,0,1,0,0,4,0,2,0,2,0,1,0,0,0,0,0,3,0,2,0,1,0,0,0,1,-0.60264
0,0,0,2,1,0,0,2,2,2,0,2,0,1,0,0,0,2,1,0,0,0,2,1,0,1,0,-0.53698
1,2,0,0,0,4,2,0,0,0,0,0,2,0,1,2,1,0,0,0,0,1,0,1,1,0,1,-0.23859
0,0,3,0,0,0,2,4,0,0,2,1,0,0,0,0,2,1,0,0,0,3,0,0,0,0,1,-0.22916999999999998
0,0,3,0,0,0,2,4,0,0,0,3,0,0,0,0,2,1,0,0,0,3,0,0,0,0,1,-0.39469
0,0,3,0,0,0,2,4,0,0,0,0,1,2,0,0,2,1,0,0,1,1,1,0,0,0,1,-0.2989
0,0,3,0,0,0,2,4,0,0,1,0,2,0,0,0,2,1,0,0,2,1,0,0,0,0,1,-0.4
0,0,3,0,0,0,2,4,0,0,0,1,0,0,2,0,2,1,0,0,0,3,0,0,0,0,1,-0.28084000000000003
0,0,3,0,0,0,2,4,0,0,3,0,0,0,0,0,2,1,0,0,3,0,0,0,0,0,1,-0.42165
0,0,3,0,0,0,2,4,0,0,1,2,0,0,0,0,2,1,0,0,3,0,0,0,0,0,1,-0.56722
0,0,3,0,0,0,2,4,0,0,1,0,0,2,0,0,2,1,0,0,2,1,0,0,0,0,1,-0.33027
0,0,3,0,0,0,2,4,0,0,1,0,0,2,0,0,2,1,0,0,3,0,0,0,0,0,1,-0.38259
0,0,3,0,0,0,2,4,0,0,1,0,0,0,2,0,2,1,0,0,3,0,0,0,0,0,1,-0.53987
0,0,3,0,0,0,2,4,0,0,2,1,0,0,0,0,2,1,0,0,2,1,0,0,0,0,1,-0.40034000000000003
0,0,3,0,0,0,2,4,0,0,2,1,0,0,0,0,2,1,0,0,1,2,0,0,0,0,1,-0.48538000000000003
0,0,3,0,0,0,2,4,0,0,0,1,2,0,0,0,2,1,0,0,2,1,0,0,0,0,1,-0.33044
0,0,3,0,0,0,2,4,0,0,0,1,0,2,0,0,2,1,0,0,2,1,0,0,0,0,1,-0.35333000000000003
0,0,3,0,0,0,2,4,0,0,0,1,0,0,2,0,2,1,0,0,2,1,0,0,0,0,1,-0.4712
0,0,3,0,0,0,2,4,0,0,2,0,1,0,0,0,2,1,0,0,2,0,1,0,0,0,1,-0.4097
0,0,3,0,0,0,2,4,0,0,0,2,1,0,0,0,2,1,0,0,2,0,1,0,0,0,1,-0.50098
0,0,3,0,0,0,2,4,0,0,0,0,3,0,0,0,2,1,0,0,2,0,1,0,0,0,1,-0.43546999999999997
0,0,3,0,0,0,2,4,0,0,0,0,1,2,0,0,2,1,0,0,2,0,1,0,0,0,1,-0.35859
0,0,3,0,0,0,2,4,0,0,0,0,1,0,2,0,2,1,0,0,1,1,1,0,0,0,1,-0.33173
0,0,3,0,0,0,2,4,0,0,2,0,0,1,0,0,2,1,0,0,2,0,0,1,0,0,1,-0.38040999999999997
0,0,3,0,0,0,2,4,0,0,0,2,0,1,0,0,2,1,0,0,1,1,0,1,0,0,1,-0.37722
0,0,3,0,0,0,2,4,0,0,0,0,2,1,0,0,2,1,0,0,2,0,0,1,0,0,1,-0.31006
0,0,3,0,0,0,2,4,0,0,0,0,0,3,0,0,2,1,0,0,2,0,0,1,0,0,1,-0.42404
0,0,3,0,0,0,2,4,0,0,0,0,0,1,2,0,2,1,0,0,2,0,0,1,0,0,1,-0.48678999999999994
0,0,3,0,0,0,2,4,0,0,0,0,2,1,0,0,2,1,0,0,1,1,0,1,0,0,1,-0.28368000000000004
0,0,3,0,0,0,2,4,0,0,0,2,0,0,1,0,2,1,0,0,2,0,0,0,1,0,1,-0.48362
0,0,3,0,0,0,2,4,0,0,0,0,2,0,1,0,2,1,0,0,2,0,0,0,1,0,1,-0.32893
0,0,3,0,0,0,2,4,0,0,0,0,0,2,1,0,2,1,0,0,2,0,0,0,1,0,1,-0.33696
0,0,3,0,0,0,2,4,0,0,0,0,0,3,0,0,2,1,0,0,1,1,0,1,0,0,1,-0.30689
2,0,1,0,0,4,0,2,0,0,0,0,0,1,2,0,0,3,0,0,0,0,0,2,1,0,1,-0.26424000000000003
2,0,1,0,0,4,0,2,0,0,4,0,0,0,2,0,0,3,0,0,0,0,0,0,1,0,1,-0.36419
2,0,1,0,0,4,0,2,0,0,1,0,0,0,2,0,0,3,0,0,1,1,0,0,1,0,1,-0.30546999999999996
2,0,1,0,0,4,0,2,0,0,2,0,2,0,2,0,0,3,0,0,0,0,0,0,1,0,1,-0.30856999999999996
2,0,1,0,0,4,0,2,0,0,2,0,0,2,2,0,0,3,0,0,0,0,0,0,1,0,1,-0.2959
2,0,1,0,0,4,0,2,0,0,1,0,0,0,2,0,0,3,0,0,1,0,0,0,2,0,1,-0.28515999999999997
2,0,1,0,0,4,0,2,0,0,1,0,0,0,2,0,0,3,0,0,1,1,0,0,1,1,0,-0.2739
2,0,1,0,0,4,0,2,0,0,0,0,0,0,3,0,0,3,0,0,0,2,0,0,1,0,1,-0.1774
2,0,1,0,0,4,0,2,0,0,0,0,0,0,3,0,0,3,0,0,0,1,1,0,1,0,1,-0.2615
2,0,1,0,0,4,0,2,0,0,0,1,0,0,2,0,0,3,0,0,0,1,0,1,1,1,0,-0.21918
2,0,1,0,0,4,0,2,0,0,0,0,0,0,3,0,0,3,0,0,0,1,0,0,2,1,0,-0.13990999999999998
2,0,1,0,0,4,0,2,0,0,2,0,2,0,2,0,0,3,0,0,0,0,0,0,1,0,1,-0.30121
2,0,1,0,0,4,0,2,0,0,0,0,0,0,3,0,0,3,0,0,0,1,1,0,1,1,0,-0.22988000000000003
2,0,1,0,0,4,0,2,0,0,0,0,0,0,3,0,0,3,0,0,0,0,2,0,1,1,0,-0.23508
2,0,1,0,0,4,0,2,0,0,0,0,0,0,3,0,0,3,0,0,0,0,1,1,1,1,0,-0.26596
2,0,1,0,0,4,0,2,0,0,0,0,0,0,3,0,0,3,0,0,0,0,1,0,2,1,0,-0.23262
2,0,1,0,0,4,0,2,0,0,2,0,0,2,2,0,0,3,0,0,0,0,0,0,1,0,1,-0.29595
2,0,1,0,0,4,0,2,0,0,0,1,0,0,2,0,0,3,0,0,0,1,0,1,1,0,1,-0.22343000000000002
2,0,1,0,0,4,0,2,0,0,0,0,0,0,3,0,0,3,0,0,0,0,1,1,1,1,0,-0.26597
2,0,1,0,0,4,0,2,0,0,0,0,0,0,3,0,0,3,0,0,0,0,0,1,2,1,0,-0.1945
2,0,1,0,0,4,0,2,0,0,1,0,0,0,2,0,0,3,0,0,1,0,0,0,2,1,0,-0.25706999999999997
2,0,1,0,0,4,0,2,0,0,0,0,0,0,3,0,0,3,0,0,0,1,0,0,2,0,1,-0.15753
2,0,1,0,0,4,0,2,0,0,0,0,0,0,3,0,0,3,0,0,0,0,1,0,2,1,0,-0.23260999999999998
2,0,1,0,0,4,0,2,0,0,0,0,0,0,3,0,0,3,0,0,0,0,0,1,2,0,1,-0.2092
2,0,1,0,0,4,0,2,0,0,0,0,0,0,3,0,0,3,0,0,0,0,0,0,3,1,0,-0.13185999999999998
2,0,1,0,0,4,2,0,0,0,3,0,0,0,0,0,2,1,0,0,3,0,0,0,0,1,0,-0.4204
2,0,1,0,0,4,0,0,2,0,3,0,0,0,0,0,0,1,2,0,3,0,0,0,0,1,0,-0.49468
2,0,1,0,0,4,0,0,0,2,6,0,0,0,0,0,0,1,0,2,1,0,0,0,0,0,1,-0.47308
2,0,1,0,0,4,2,0,0,0,4,2,0,0,0,0,2,1,0,0,1,0,0,0,0,0,1,-0.35694000000000004
2,0,1,0,0,4,0,0,2,0,1,2,0,0,0,0,0,1,2,0,3,0,0,0,0,1,0,-0.39832
0,1,2,0,0,2,2,2,0,0,0,3,0,0,0,2,0,1,0,0,0,3,0,0,0,1,0,-0.22944
0,1,2,0,0,2,2,2,0,0,0,3,0,0,0,2,0,1,0,0,0,3,0,0,0,1,0,-0.26654
0,0,2,1,0,2,0,2,2,0,0,3,0,0,0,2,0,1,0,0,0,3,0,0,0,0,1,-0.33899
0,0,2,0,1,2,0,2,0,2,0,3,0,0,0,2,0,1,0,0,0,3,0,0,0,1,0,-0.29827
0,0,2,1,0,2,0,2,2,0,0,3,0,0,0,2,0,1,0,0,0,3,0,0,0,0,1,-0.35543
0,0,2,0,1,2,0,2,0,2,0,3,0,0,0,2,0,1,0,0,0,3,0,0,0,1,0,-0.27058000000000004
1,0,2,0,0,4,0,2,0,0,2,4,0,0,0,2,0,1,0,0,0,1,0,0,0,0,1,-0.27575
1,0,2,0,0,5,0,1,0,0,0,3,0,0,0,1,0,2,0,0,1,2,0,0,0,1,0,-0.3777
0,0,2,1,0,2,0,2,2,0,0,1,2,0,0,2,0,1,0,0,0,3,0,0,0,0,1,-0.42128000000000004
0,0,2,1,0,2,0,2,2,0,0,1,2,0,0,2,0,1,0,0,0,3,0,0,0,0,1,-0.38276
0,0,2,1,0,2,0,2,2,0,0,1,0,2,0,2,0,1,0,0,0,3,0,0,0,0,1,-0.43914
0,1,2,0,0,2,0,4,0,0,0,1,2,0,0,2,1,0,0,0,0,3,0,0,0,0,1,-0.39937
0,1,2,0,0,2,0,4,0,0,0,1,0,2,0,2,1,0,0,0,0,3,0,0,0,1,0,-0.24325
0,1,2,0,0,2,2,2,0,0,0,1,2,0,0,2,0,1,0,0,0,3,0,0,0,1,0,-0.24979
0,0,2,0,1,2,0,2,0,2,0,1,2,0,0,2,0,1,0,0,0,3,0,0,0,0,1,-0.30474
0,0,2,0,1,2,0,2,0,2,0,1,2,0,0,2,0,1,0,0,0,3,0,0,0,1,0,-0.22764
0,1,2,0,0,2,2,2,0,0,0,1,0,2,0,2,0,1,0,0,0,3,0,0,0,1,0,-0.23876999999999998
0,1,2,0,0,2,2,2,0,0,0,1,0,2,0,2,0,1,0,0,0,3,0,0,0,1,0,-0.3013
0,0,2,0,1,2,0,2,0,2,0,1,0,2,0,2,0,1,0,0,0,3,0,0,0,0,1,-0.34342
0,0,2,0,1,2,0,2,0,2,0,1,0,2,0,2,0,1,0,0,0,3,0,0,0,1,0,-0.24699000000000002
0,1,2,0,0,2,2,2,0,0,0,1,0,0,2,2,0,1,0,0,0,3,0,0,0,0,1,-0.20384000000000002
0,1,2,0,0,2,2,2,0,0,0,1,0,0,2,2,0,1,0,0,0,3,0,0,0,1,0,-0.24954
0,0,2,1,0,2,0,2,2,0,0,1,0,0,2,2,0,1,0,0,0,3,0,0,0,0,1,-0.43454
0,0,2,0,1,2,0,2,0,2,0,1,0,0,2,2,0,1,0,0,0,3,0,0,0,1,0,-0.28657
0,0,2,1,0,2,0,2,2,0,0,1,0,0,2,2,0,1,0,0,0,3,0,0,0,0,1,-0.37235
0,0,2,0,1,2,0,2,0,2,0,1,0,0,2,2,0,1,0,0,0,3,0,0,0,1,0,-0.22348
0,1,2,0,0,2,0,4,0,0,0,3,0,0,0,2,1,0,0,0,0,3,0,0,0,0,1,-0.40443
0,0,2,1,0,2,0,4,0,0,0,3,0,0,0,2,0,0,1,0,0,3,0,0,0,0,1,-0.46421999999999997
0,0,2,0,1,2,0,4,0,0,0,3,0,0,0,2,0,0,0,1,0,3,0,0,0,0,1,-0.44259
0,0,3,0,0,2,0,4,0,0,2,1,0,0,0,2,0,1,0,0,0,3,0,0,0,0,1,-0.37132
3,0,0,0,0,6,0,0,0,0,1,2,0,0,0,3,0,0,0,0,1,0,0,0,2,0,1,-0.08821
3,0,0,0,0,6,0,0,0,0,1,0,0,2,0,3,0,0,0,0,1,0,0,0,2,0,1,-0.11381
3,0,0,0,0,6,0,0,0,0,1,0,2,0,0,3,0,0,0,0,1,0,0,0,2,0,1,-0.06494
3,0,0,0,0,6,0,0,0,0,1,0,0,0,2,3,0,0,0,0,1,0,0,0,2,0,1,-0.07708999999999999
3,0,0,0,0,4,0,0,0,2,2,0,0,0,1,1,0,0,0,2,0,0,1,0,2,0,1,-0.14937
3,0,0,0,0,4,0,0,0,2,2,0,0,0,1,1,0,0,0,2,0,0,1,0,2,0,1,-0.0899
3,0,0,0,0,4,0,0,0,2,2,0,0,0,4,1,0,0,0,2,0,0,1,0,0,0,1,-0.09027
3,0,0,0,0,4,2,0,0,0,2,0,0,0,1,1,2,0,0,0,0,0,1,0,2,1,0,-0.1226
3,0,0,0,0,4,2,0,0,0,2,0,0,2,2,1,2,0,0,0,0,0,0,0,1,0,1,-0.14845999999999998
3,0,0,0,0,4,0,0,0,2,2,0,0,2,2,1,0,0,0,2,0,0,0,0,1,0,1,-0.17665
3,0,0,0,0,4,2,0,0,0,2,0,0,0,1,1,2,0,0,0,0,0,1,0,2,1,0,-0.09577999999999999
3,0,0,0,0,4,2,0,0,0,2,0,0,2,2,1,2,0,0,0,0,0,0,0,1,0,1,-0.07455
3,0,0,0,0,4,0,0,0,2,2,0,0,2,2,1,0,0,0,2,0,0,0,0,1,0,1,-0.09892999999999999
3,0,0,0,0,4,2,0,0,0,2,0,0,0,4,1,2,0,0,0,0,0,1,0,0,0,1,-0.16404000000000002
3,0,0,0,0,4,2,0,0,0,2,0,0,0,4,1,2,0,0,0,0,0,0,1,0,0,1,-0.13706
3,0,0,0,0,4,0,0,0,2,2,0,0,0,4,1,0,0,0,2,0,0,0,1,0,0,1,-0.0932
3,0,0,0,0,6,0,0,0,0,0,2,0,0,1,3,0,0,0,0,0,0,2,0,1,0,1,0.055689999999999996
3,0,0,0,0,6,0,0,0,0,0,2,1,0,0,3,0,0,0,0,0,0,2,0,1,1,0,0.09472
3,0,0,0,0,6,0,0,0,0,0,2,0,1,0,3,0,0,0,0,0,0,1,1,1,0,1,0.08875
3,0,0,0,0,6,0,0,0,0,0,2,1,0,0,3,0,0,0,0,0,0,2,0,1,0,1,0.09018999999999999
3,0,0,0,0,6,0,0,0,0,0,2,0,1,0,3,0,0,0,0,0,0,1,1,1,0,1,0.07899
3,0,0,0,0,6,0,0,0,0,0,2,0,0,1,3,0,0,0,0,0,0,1,1,1,0,1,0.05645
3,0,0,0,0,6,0,0,0,0,0,2,0,0,1,3,0,0,0,0,0,0,1,1,1,0,1,0.05882999999999999
3,0,0,0,0,6,0,0,0,0,0,2,0,0,1,3,0,0,0,0,0,0,0,2,1,0,1,0.02394
3,0,0,0,0,6,0,0,0,0,0,2,1,0,0,3,0,0,0,0,0,0,1,1,1,0,1,0.10234
3,0,0,0,0,6,0,0,0,0,0,2,0,1,0,3,0,0,0,0,0,0,0,2,1,0,1,0.07643
3,0,0,0,0,6,0,0,0,0,0,2,1,0,0,3,0,0,0,0,0,0,1,1,1,0,1,0.08881
3,0,0,0,0,6,0,0,0,0,0,2,0,1,0,3,0,0,0,0,0,0,0,2,1,0,1,0.0515
3,0,0,0,0,4,0,0,2,0,2,0,0,0,1,1,0,0,2,0,0,0,0,0,3,0,1,-0.1463
3,0,0,0,0,6,0,0,0,0,0,0,2,0,1,3,0,0,0,0,0,0,2,0,1,1,0,0.07379
0,0,3,0,0,0,0,4,2,0,0,2,0,0,1,0,0,1,2,0,0,0,0,0,3,1,0,-0.29823
0,0,3,0,0,0,0,4,2,0,0,0,2,0,1,0,0,1,2,0,0,0,0,0,3,0,1,-0.27310999999999996
0,0,3,0,0,0,0,4,2,0,0,0,0,2,1,0,0,1,2,0,0,0,0,0,3,0,1,-0.32887
0,0,3,0,0,0,0,4,2,0,0,0,0,0,3,0,0,1,2,0,0,0,0,0,3,0,1,-0.3714
0,0,2,1,0,2,0,2,2,0,0,2,0,0,1,2,0,1,0,0,0,0,0,0,3,0,1,-0.25348000000000004
0,0,2,1,0,2,0,2,2,0,0,2,0,0,1,2,0,1,0,0,0,0,0,0,3,0,1,-0.27494
0,0,2,1,0,2,0,2,2,0,0,0,2,0,1,2,0,1,0,0,0,0,0,0,3,0,1,-0.14681
0,0,2,1,0,2,0,2,2,0,0,0,2,0,1,2,0,1,0,0,0,0,0,0,3,0,1,-0.2466
0,0,2,1,0,2,0,2,2,0,0,0,0,2,1,2,0,1,0,0,0,0,0,0,3,0,1,-0.15585
0,0,2,1,0,2,0,2,2,0,0,0,0,2,1,2,0,1,0,0,0,0,0,0,3,0,1,-0.19515
0,0,2,1,0,2,0,2,2,0,0,0,0,0,3,2,0,1,0,0,0,0,0,0,3,1,0,-0.19914
0,0,2,1,0,2,0,2,2,0,0,0,0,0,3,2,0,1,0,0,0,0,0,0,3,0,1,-0.24048000000000003
0,3,0,0,0,2,4,0,0,0,0,2,0,0,1,2,1,0,0,0,0,0,0,0,3,1,0,-0.27435
0,3,0,0,0,2,4,0,0,0,0,0,2,0,1,2,1,0,0,0,0,0,0,0,3,1,0,-0.28634
0,2,0,1,0,2,4,0,0,0,0,0,2,0,1,2,0,0,1,0,0,0,0,0,3,0,1,-0.27754
0,2,0,0,1,2,4,0,0,0,0,0,2,0,1,2,0,0,0,1,0,0,0,0,3,1,0,-0.29596
0,2,0,0,1,2,2,0,0,2,0,0,2,0,1,2,1,0,0,0,0,0,0,0,3,1,0,-0.36501999999999996
0,2,0,0,1,2,2,0,0,2,0,0,2,0,1,2,1,0,0,0,0,0,0,0,3,1,0,-0.3559
0,3,0,0,0,2,4,0,0,0,0,0,0,2,1,2,1,0,0,0,0,0,0,0,3,1,0,-0.3239
0,2,0,1,0,2,4,0,0,0,0,0,0,2,1,2,0,0,1,0,0,0,0,0,3,0,1,-0.31048000000000003
0,3,0,0,0,2,4,0,0,0,0,0,0,0,3,2,1,0,0,0,0,0,0,0,3,1,0,-0.30211
0,2,0,1,0,2,4,0,0,0,0,0,0,0,3,2,0,0,1,0,0,0,0,0,3,1,0,-0.29479
0,2,0,0,1,2,4,0,0,0,0,0,0,0,3,2,0,0,0,1,0,0,0,0,3,1,0,-0.36606
0,2,0,1,0,2,4,0,0,0,0,2,0,0,1,2,0,0,1,0,0,0,0,0,3,1,0,-0.25704
0,2,0,0,1,2,4,0,0,0,0,2,0,0,1,2,0,0,0,1,0,0,0,0,3,1,0,-0.33836
0,2,0,0,1,2,2,0,0,2,0,2,0,0,1,2,1,0,0,0,0,0,0,0,3,1,0,-0.36243000000000003
0,1,0,1,1,2,2,0,0,2,0,2,0,0,1,2,0,0,1,0,0,0,0,0,3,1,0,-0.35014
0,1,0,0,2,2,2,0,0,2,0,2,0,0,1,2,0,0,0,1,0,0,0,0,3,1,0,-0.41358
0,2,0,0,1,2,2,0,0,2,0,2,0,0,1,2,1,0,0,0,0,0,0,0,3,0,1,-0.35606
0,1,0,0,2,2,2,0,0,2,0,2,0,0,1,2,0,0,0,1,0,0,0,0,3,1,0,-0.42822
1,0,0,2,0,0,0,0,6,0,0,2,0,0,1,1,0,0,2,0,0,0,0,0,3,0,1,-0.35477
1,0,0,2,0,0,0,0,6,0,0,0,0,2,1,1,0,0,2,0,0,0,0,0,3,0,1,-0.34689000000000003
1,0,0,2,0,0,0,0,6,0,0,0,2,0,1,1,0,0,2,0,0,0,0,0,3,0,1,-0.3666
1,0,0,2,0,0,0,0,6,0,0,0,0,0,3,1,0,0,2,0,0,0,0,0,3,0,1,-0.3565
1,0,0,2,0,2,0,0,4,0,0,0,2,0,1,0,0,0,3,0,0,0,0,0,3,1,0,-0.22466
1,0,0,2,0,2,0,0,4,0,0,0,2,0,1,0,0,0,3,0,0,0,0,0,3,1,0,-0.23254
1,1,0,1,0,2,0,0,4,0,0,0,2,0,1,0,1,0,2,0,0,0,0,0,3,1,0,-0.15634
1,1,0,1,0,2,0,0,4,0,0,0,2,0,1,0,1,0,2,0,0,0,0,0,3,1,0,-0.16847
1,1,0,1,0,2,0,0,4,0,0,2,0,0,1,0,1,0,2,0,0,0,0,0,3,1,0,-0.24085
1,0,0,2,0,2,0,0,4,0,0,2,0,0,1,0,0,0,3,0,0,0,0,0,3,1,0,-0.29755
1,1,0,1,0,2,0,0,4,0,0,2,0,0,1,0,1,0,2,0,0,0,0,0,3,1,0,-0.23586999999999997
1,0,0,2,0,2,0,0,4,0,0,2,0,0,1,0,0,0,3,0,0,0,0,0,3,0,1,-0.37014
1,1,0,1,0,2,0,0,4,0,0,0,0,2,1,0,1,0,2,0,0,0,0,0,3,1,0,-0.16345
1,0,0,2,0,2,0,0,4,0,0,0,0,2,1,0,0,0,3,0,0,0,0,0,3,1,0,-0.2714
1,1,0,1,0,2,0,0,4,0,0,0,0,2,1,0,1,0,2,0,0,0,0,0,3,1,0,-0.17635
1,0,0,2,0,2,0,0,4,0,0,0,0,2,1,0,0,0,3,0,0,0,0,0,3,1,0,-0.28486999999999996
2,0,0,0,1,4,0,0,2,0,2,0,0,0,1,0,0,0,2,1,0,0,0,0,3,0,1,-0.19947
1,0,0,2,0,2,0,0,4,0,2,0,0,0,1,3,0,0,0,0,0,0,0,0,3,1,0,-0.21318
1,0,1,0,1,2,0,2,0,2,2,0,0,0,1,3,0,0,0,0,0,0,0,0,3,0,1,-0.1848
1,0,1,0,1,2,0,2,0,2,2,0,0,0,1,3,0,0,0,0,0,0,0,0,3,1,0,-0.14732
1,0,2,0,0,2,0,4,0,0,3,0,0,0,0,3,0,0,0,0,1,0,0,0,2,0,1,-0.36093000000000003
1,0,2,0,0,2,0,4,0,0,3,0,0,0,0,2,0,1,0,0,2,1,0,0,0,0,1,-0.4765
1,0,2,0,0,2,0,4,0,0,3,0,0,0,0,2,0,1,0,0,2,1,0,0,0,0,1,-0.46461
1,1,0,1,0,2,0,0,4,0,0,0,0,0,3,0,1,0,2,0,0,0,0,0,3,1,0,-0.2056
1,0,0,2,0,2,0,0,4,0,0,0,0,0,3,0,0,0,3,0,0,0,0,0,3,1,0,-0.27197
1,1,0,1,0,2,0,0,4,0,0,0,0,0,3,0,1,0,2,0,0,0,0,0,3,1,0,-0.20908000000000002
1,0,0,2,0,2,0,0,4,0,0,0,0,0,3,0,0,0,3,0,0,0,0,0,3,1,0,-0.27904
1,1,0,1,0,2,2,0,2,0,2,0,0,0,1,3,0,0,0,0,0,0,0,0,3,0,1,-0.21014000000000002
1,1,0,1,0,2,2,0,2,0,2,0,0,0,1,3,0,0,0,0,0,0,0,0,3,0,1,-0.2392
1,0,0,0,2,2,0,0,0,4,0,0,0,0,3,3,0,0,0,0,0,0,0,0,3,1,0,-0.28114
3,0,0,0,0,4,0,2,0,0,3,0,0,0,0,1,0,2,0,0,1,2,0,0,0,0,1,-0.25533
2,0,0,0,1,6,0,0,0,0,2,1,0,0,0,2,0,0,0,1,0,3,0,0,0,1,0,-0.17045
2,0,0,1,0,4,0,0,2,0,2,1,0,0,0,3,0,0,0,0,1,2,0,0,0,0,1,-0.2023
2,0,0,1,0,4,0,0,2,0,2,1,0,0,0,3,0,0,0,0,1,2,0,0,0,1,0,-0.18659
2,0,0,1,0,4,0,0,2,0,2,1,0,0,0,3,0,0,0,0,1,2,0,0,0,1,0,-0.17335
2,0,0,1,0,4,0,0,2,0,2,1,0,0,0,3,0,0,0,0,1,2,0,0,0,0,1,-0.2492
2,0,1,0,0,6,0,0,0,0,2,1,0,0,0,2,0,1,0,0,0,3,0,0,0,1,0,-0.21391999999999997
2,1,0,0,0,2,4,0,0,0,2,1,0,0,0,1,2,0,0,0,0,3,0,0,0,1,0,-0.23659000000000002
2,1,0,0,0,2,4,0,0,0,2,1,0,0,0,1,2,0,0,0,0,3,0,0,0,0,1,-0.2905
2,0,0,0,1,2,2,0,0,2,2,1,0,0,0,1,2,0,0,0,0,3,0,0,0,1,0,-0.2601
2,0,0,0,1,2,2,0,0,2,2,1,0,0,0,1,2,0,0,0,0,3,0,0,0,0,1,-0.32999
2,0,0,1,0,2,0,0,4,0,0,3,0,0,0,1,0,0,2,0,1,2,0,0,0,0,1,-0.30196999999999996
2,0,0,1,0,2,0,0,4,0,0,3,0,0,0,1,0,0,2,0,1,2,0,0,0,0,1,-0.30153
2,0,0,1,0,2,0,0,4,0,0,3,0,0,0,1,0,0,2,0,1,2,0,0,0,0,1,-0.2721
2,0,0,1,0,2,0,0,4,0,0,3,0,0,0,1,0,0,2,0,1,2,0,0,0,0,1,-0.3071
2,0,0,1,0,2,0,0,4,0,2,1,0,0,0,1,0,0,2,0,0,2,0,0,1,0,1,-0.28135
2,0,0,1,0,2,0,0,4,0,2,1,0,0,0,1,0,0,2,0,0,2,0,0,1,0,1,-0.3055
2,0,0,1,0,2,0,0,4,0,2,1,0,0,0,1,0,0,2,0,0,2,0,0,1,0,1,-0.28292
2,0,0,1,0,2,0,0,4,0,2,1,0,0,0,1,0,0,2,0,0,2,0,0,1,0,1,-0.27843
2,0,0,0,1,4,0,0,2,0,0,3,0,0,0,0,0,0,2,1,0,3,0,0,0,0,1,-0.22148
2,0,0,0,1,2,0,2,0,2,2,4,0,0,0,1,0,2,0,0,0,1,0,0,0,0,1,-0.26163000000000003
2,0,1,0,0,3,0,1,0,2,1,2,0,0,0,1,0,1,0,1,0,3,0,0,0,0,1,-0.23548000000000002
2,0,0,1,0,2,0,0,4,0,2,0,0,0,1,1,0,0,2,0,0,2,0,0,1,0,1,-0.27105999999999997
2,0,0,1,0,2,0,0,4,0,2,0,0,0,1,1,0,0,2,0,0,2,0,0,1,1,0,-0.2275
2,0,0,0,1,2,0,0,2,2,2,1,0,0,0,1,0,0,2,0,0,2,0,0,1,0,1,-0.30796999999999997
2,0,0,0,1,2,0,0,2,2,2,1,0,0,0,1,0,0,2,0,0,2,0,0,1,0,1,-0.27559
2,0,0,0,1,2,0,0,2,2,2,1,0,0,0,1,0,0,2,0,0,2,0,0,1,0,1,-0.30219
2,0,0,0,1,2,0,0,2,2,2,1,0,0,0,1,0,0,2,0,0,2,0,0,1,0,1,-0.2776
2,0,0,1,0,2,0,0,4,0,0,1,0,2,0,1,0,0,2,0,1,2,0,0,0,0,1,-0.24284
2,0,0,1,0,2,0,0,4,0,0,1,0,2,0,1,0,0,2,0,1,2,0,0,0,0,1,-0.24354
0,0,3,0,0,0,2,4,0,0,2,0,0,0,4,0,2,1,0,0,0,0,0,0,1,0,1,-0.31535
0,0,3,0,0,0,0,4,0,2,2,0,0,0,1,0,0,1,0,2,0,0,0,0,3,0,1,-0.37248000000000003
1,0,2,0,0,2,0,4,0,0,3,0,0,0,0,3,0,0,0,0,1,1,0,1,0,0,1,-0.32515
1,0,2,0,0,2,0,4,0,0,3,0,0,0,0,3,0,0,0,0,1,1,0,1,0,0,1,-0.38671
0,0,3,0,0,2,0,4,0,0,2,1,0,0,0,2,0,1,0,0,0,2,0,0,1,0,1,-0.27188
0,0,3,0,0,2,0,4,0,0,2,1,0,0,0,2,0,1,0,0,0,2,0,0,1,0,1,-0.33466999999999997
1,0,2,0,0,2,0,4,0,0,3,0,0,0,0,2,0,1,0,0,2,0,0,0,1,1,0,-0.42035
1,0,2,0,0,2,0,4,0,0,3,0,0,0,0,2,0,1,0,0,2,0,0,0,1,0,1,-0.46576000000000006
0,0,3,0,0,0,0,4,2,0,2,0,0,0,1,0,0,1,2,0,0,0,0,0,3,1,0,-0.16064
0,0,3,0,0,0,0,6,0,0,1,0,0,0,2,0,0,3,0,0,1,0,0,0,2,1,0,-0.2253
0,0,3,0,0,2,0,4,0,0,2,0,0,0,1,2,0,1,0,0,0,2,0,0,1,0,1,-0.36399000000000004
0,0,3,0,0,2,0,4,0,0,3,0,0,0,0,2,0,1,0,0,2,0,0,1,0,0,1,-0.55799
0,0,3,0,0,2,0,4,0,0,3,0,0,0,0,2,0,1,0,0,2,0,0,1,0,0,1,-0.54533
1,0,2,0,0,1,0,5,0,0,5,1,0,0,0,2,0,1,0,0,0,1,0,0,0,0,1,-0.42875
0,0,3,0,0,2,0,4,0,0,2,0,0,0,1,2,0,1,0,0,2,0,0,0,1,0,1,-0.62772
0,0,3,0,0,0,0,6,0,0,1,0,2,0,0,0,0,3,0,0,1,0,0,0,2,0,1,-0.31645999999999996
0,0,3,0,0,0,0,6,0,0,1,0,0,2,0,0,0,3,0,0,1,0,0,0,2,0,1,-0.23526999999999998
0,0,3,0,0,0,0,6,0,0,1,2,0,0,0,0,0,3,0,0,1,0,0,0,2,0,1,-0.30779
0,1,2,0,0,0,2,4,0,0,0,2,0,0,1,0,0,3,0,0,0,0,0,0,3,0,1,-0.31425
0,1,2,0,0,0,2,4,0,0,0,2,0,0,1,0,0,3,0,0,0,0,0,0,3,0,1,-0.30619
0,1,2,0,0,0,2,4,0,0,0,0,2,0,1,0,0,3,0,0,0,0,0,0,3,1,0,-0.27207
0,1,2,0,0,0,2,4,0,0,0,0,2,0,1,0,0,3,0,0,0,0,0,0,3,1,0,-0.24427
0,1,2,0,0,0,2,4,0,0,0,0,0,2,1,0,0,3,0,0,0,0,0,0,3,1,0,-0.28443
0,1,2,0,0,0,2,4,0,0,0,0,0,2,1,0,0,3,0,0,0,0,0,0,3,1,0,-0.28622
0,0,3,0,0,0,0,4,2,0,1,0,0,0,2,0,0,1,2,0,1,0,0,0,2,0,1,-0.40629
1,0,2,0,0,2,0,4,0,0,2,1,0,0,0,3,0,0,0,0,1,2,0,0,0,0,1,-0.40402
1,0,2,0,0,2,0,4,0,0,2,1,0,0,0,3,0,0,0,0,1,2,0,0,0,0,1,-0.3246
1,0,2,0,0,2,0,4,0,0,3,0,0,0,0,3,0,0,0,0,1,1,1,0,0,0,1,-0.27681
1,0,2,0,0,2,0,4,0,0,3,0,0,0,0,3,0,0,0,0,1,1,1,0,0,0,1,-0.3681
2,1,0,0,0,4,2,0,0,0,3,0,0,0,0,3,0,0,0,0,3,0,0,0,0,0,1,-0.3856
3,0,0,0,0,6,0,0,0,0,3,0,0,0,0,3,0,0,0,0,3,0,0,0,0,0,1,-0.32084
0,0,3,0,0,2,0,4,0,0,1,0,2,0,0,2,0,1,0,0,2,0,1,0,0,0,1,-0.46823000000000004
0,0,3,0,0,2,0,4,0,0,1,0,0,2,0,2,0,1,0,0,2,0,1,0,0,0,1,-0.5050100000000001
0,0,3,0,0,2,0,4,0,0,1,0,0,0,2,2,0,1,0,0,2,0,1,0,0,0,1,-0.39813000000000004
0,0,3,0,0,2,0,4,0,0,1,0,2,0,0,2,0,1,0,0,2,0,0,1,0,0,1,-0.44673
0,0,3,0,0,2,0,4,0,0,1,0,0,2,0,2,0,1,0,0,2,0,0,1,0,0,1,-0.5009600000000001
0,0,3,0,0,2,0,4,0,0,1,0,0,0,2,2,0,1,0,0,2,0,0,1,0,0,1,-0.42558
0,0,3,0,0,2,0,4,0,0,1,0,2,0,0,2,0,1,0,0,2,0,1,0,0,0,1,-0.48716000000000004
0,0,3,0,0,2,0,4,0,0,1,0,0,2,0,2,0,1,0,0,2,0,1,0,0,0,1,-0.48226
0,0,3,0,0,2,0,4,0,0,1,0,0,0,2,2,0,1,0,0,2,0,1,0,0,0,1,-0.42452
0,0,3,0,0,2,0,4,0,0,1,0,2,0,0,2,0,1,0,0,2,0,0,1,0,0,1,-0.43803000000000003
0,0,3,0,0,2,0,4,0,0,1,0,0,2,0,2,0,1,0,0,2,0,0,1,0,0,1,-0.47823000000000004
0,0,3,0,0,2,0,4,0,0,1,0,0,0,2,2,0,1,0,0,2,0,0,1,0,0,1,-0.42396000000000006
1,2,0,0,0,0,4,0,2,0,0,2,0,1,0,1,0,0,2,0,0,0,0,2,1,0,1,-0.44251
0,0,3,0,0,2,0,4,0,0,0,1,0,2,0,2,0,1,0,0,2,1,0,0,0,0,1,-0.57793
0,0,3,0,0,2,0,4,0,0,0,1,0,0,2,2,0,1,0,0,2,1,0,0,0,0,1,-0.51007
3,0,0,0,0,4,0,0,2,0,1,0,2,0,0,1,0,0,2,0,3,0,0,0,0,0,1,-0.30645
1,2,0,0,0,0,4,0,2,0,0,2,0,0,1,1,0,0,2,0,0,0,2,0,1,0,1,-0.36335
3,0,0,0,0,4,0,0,0,2,1,2,0,0,0,1,0,0,0,2,3,0,0,0,0,0,1,-0.2927
1,2,0,0,0,0,4,0,2,0,0,2,1,0,0,1,0,0,2,0,0,0,2,0,1,0,1,-0.30415
1,2,0,0,0,0,4,0,2,0,0,2,0,0,1,1,0,0,2,0,0,0,1,1,1,0,1,-0.3625
1,2,0,0,0,0,4,0,2,0,0,2,0,0,1,1,0,0,2,0,0,0,0,2,1,0,1,-0.34993
1,2,0,0,0,0,4,0,2,0,0,2,1,0,0,1,0,0,2,0,0,0,1,1,1,0,1,-0.26461
1,2,0,0,0,0,4,0,2,0,0,2,1,0,0,1,0,0,2,0,0,0,2,0,1,0,1,-0.42723999999999995
1,2,0,0,0,0,4,0,2,0,0,2,1,0,0,1,0,0,2,0,0,0,1,1,1,0,1,-0.40993999999999997
3,0,0,0,0,4,0,0,2,0,1,0,0,2,0,1,0,0,2,0,3,0,0,0,0,0,1,-0.32011999999999996
3,0,0,0,0,4,0,0,2,0,1,0,0,0,2,1,0,0,2,0,3,0,0,0,0,0,1,-0.29052
1,2,0,0,0,0,4,0,2,0,0,2,0,1,0,1,0,0,2,0,0,0,1,1,1,0,1,-0.37838
1,2,0,0,0,0,4,0,2,0,0,2,0,1,0,1,0,0,2,0,0,0,0,2,1,0,1,-0.35378000000000004
1,2,0,0,0,0,4,0,2,0,0,2,0,1,0,1,0,0,2,0,0,0,1,1,1,0,1,-0.44936000000000004
0,0,3,0,0,0,2,4,0,0,0,0,0,0,3,0,2,1,0,0,2,0,0,0,1,0,1,-0.46473000000000003
0,0,3,0,0,2,0,4,0,0,0,0,3,0,0,2,0,1,0,0,2,0,1,0,0,0,1,-0.46816
0,0,3,0,0,2,0,4,0,0,0,0,1,2,0,2,0,1,0,0,2,0,1,0,0,0,1,-0.45746000000000003
0,0,3,0,0,2,0,4,0,0,0,0,2,1,0,2,0,1,0,0,2,0,0,1,0,0,1,-0.50029
0,0,3,0,0,2,0,4,0,0,0,0,0,3,0,2,0,1,0,0,2,0,0,1,0,0,1,-0.53684
0,1,2,0,0,0,2,4,0,0,1,2,0,0,0,0,3,0,0,0,1,0,0,0,2,1,0,-0.28817
0,0,3,0,0,0,2,4,0,0,0,0,1,0,2,0,2,1,0,0,2,0,1,0,0,0,1,-0.47248999999999997
0,0,3,0,0,0,2,4,0,0,0,0,0,1,2,0,2,1,0,0,2,0,0,1,0,0,1,-0.48494
0,0,3,0,0,2,0,4,0,0,0,2,1,0,0,2,0,1,0,0,2,0,1,0,0,0,1,-0.18558
0,0,3,0,0,2,0,4,0,0,0,2,0,1,0,2,0,1,0,0,2,0,0,1,0,1,0,-0.11752
0,0,2,0,1,0,2,4,0,0,0,0,0,0,3,0,2,0,0,1,1,0,0,0,2,0,1,-0.5389
1,1,0,0,1,2,2,0,0,2,0,0,0,0,3,0,3,0,0,0,1,0,0,0,2,1,0,-0.30983
0,0,3,0,0,2,0,4,0,0,0,1,0,0,2,2,0,1,0,0,2,1,0,0,0,0,1,-0.51007
0,1,2,0,0,0,2,4,0,0,0,3,0,0,0,0,3,0,0,0,1,1,0,0,1,0,1,-0.5082899999999999
0,1,2,0,0,0,2,4,0,0,0,3,0,0,0,0,3,0,0,0,1,1,0,0,1,0,1,-0.48796000000000006
0,0,3,0,0,2,0,4,0,0,0,2,0,0,1,2,0,1,0,0,2,0,0,0,1,0,1,-0.45715
0,1,2,0,0,0,2,4,0,0,0,3,0,0,0,0,3,0,0,0,1,2,0,0,0,0,1,-0.56167
0,1,2,0,0,0,2,4,0,0,0,3,0,0,0,0,3,0,0,0,1,2,0,0,0,0,1,-0.57824
2,0,0,0,1,4,2,0,0,0,0,0,1,0,2,0,2,0,0,1,2,0,1,0,0,1,0,-0.25283
2,0,0,0,1,4,2,0,0,0,0,0,0,1,2,0,2,0,0,1,2,0,0,1,0,1,0,-0.2443
0,1,2,0,0,0,2,4,0,0,1,0,0,0,2,0,3,0,0,0,1,1,0,0,1,0,1,-0.47575
0,1,2,0,0,0,2,4,0,0,1,0,0,0,2,0,3,0,0,0,1,1,0,0,1,1,0,-0.28142
1,0,2,0,0,2,0,4,0,0,0,0,0,0,3,3,0,0,0,0,2,0,0,0,1,0,1,-0.27254
1,0,2,0,0,1,1,4,0,0,0,1,0,0,2,0,2,1,0,0,0,2,1,0,0,0,1,-0.15425
1,0,2,0,0,2,1,3,0,0,0,1,0,0,2,0,1,2,0,0,0,2,0,1,0,1,0,-0.25535
1,1,1,0,0,2,2,2,0,0,0,2,2,0,2,0,0,3,0,0,0,1,0,0,0,0,1,-0.15438
1,0,2,0,0,2,1,3,0,0,0,4,0,0,2,0,1,2,0,0,0,0,0,1,0,0,1,-0.2168
1,1,0,0,1,2,2,0,0,2,0,0,0,0,3,0,3,0,0,0,1,0,0,0,2,1,0,-0.30853
0,0,3,0,0,2,0,4,0,0,0,1,0,2,0,2,0,1,0,0,2,1,0,0,0,0,1,-0.57793
1,1,0,0,1,2,2,0,0,2,0,0,0,0,3,0,3,0,0,0,1,0,0,0,2,1,0,-0.28215999999999997
1,2,0,0,0,0,4,0,0,2,0,2,0,0,1,1,0,0,0,2,0,0,0,0,3,0,1,-0.44363
1,1,0,0,1,0,4,0,0,2,0,0,2,0,1,1,2,0,0,0,0,0,0,0,3,0,1,-0.25183
1,1,0,0,1,0,4,0,0,2,0,0,2,0,1,1,2,0,0,0,0,0,0,0,3,0,1,-0.44866000000000006
1,0,2,0,0,1,1,4,0,0,0,4,0,0,2,0,1,2,0,0,0,1,0,0,0,0,1,-0.33211999999999997
1,0,2,0,0,1,1,4,0,0,0,4,0,2,0,0,1,2,0,0,0,1,0,0,0,0,1,-0.36317
1,2,0,0,0,0,6,0,0,0,0,0,0,0,3,1,2,0,0,0,0,0,0,1,2,0,1,-0.21456
1,2,0,0,0,0,6,0,0,0,0,0,0,0,3,1,2,0,0,0,0,0,0,1,2,0,1,-0.31724
1,2,0,0,0,0,6,0,0,0,0,0,1,2,0,1,2,0,0,0,0,0,1,0,2,1,0,-0.19435
1,2,0,0,0,0,6,0,0,0,0,0,0,0,3,1,2,0,0,0,0,0,1,0,2,0,1,-0.26275
1,2,0,0,0,0,6,0,0,0,0,0,0,2,1,1,2,0,0,0,0,0,0,1,2,1,0,-0.22571999999999998
1,2,0,0,0,0,6,0,0,0,0,0,0,0,3,1,2,0,0,0,0,0,1,0,2,0,1,-0.31940999999999997
1,2,0,0,0,0,6,0,0,0,0,0,0,2,1,1,2,0,0,0,0,0,0,1,2,1,0,-0.22996
1,2,0,0,0,0,6,0,0,0,0,0,1,0,2,1,2,0,0,0,0,0,1,0,2,1,0,-0.19025999999999998
1,2,0,0,0,0,6,0,0,0,0,0,0,1,2,1,2,0,0,0,0,0,0,1,2,0,1,-0.32405
1,2,0,0,0,0,6,0,0,0,0,0,0,2,1,1,2,0,0,0,0,0,1,0,2,1,0,-0.26168
1,2,0,0,0,0,6,0,0,0,0,0,0,2,1,1,2,0,0,0,0,0,1,0,2,1,0,-0.26793
1,2,0,0,0,0,6,0,0,0,0,0,0,3,0,1,2,0,0,0,0,0,0,1,2,1,0,-0.21118
1,2,0,0,0,0,4,0,2,0,0,0,0,0,3,1,0,0,2,0,0,0,0,0,3,0,1,-0.29347
1,2,0,0,0,0,4,0,2,0,0,0,0,2,1,1,0,0,2,0,0,0,0,0,3,1,0,-0.26091
1,2,0,0,0,0,4,0,2,0,0,0,2,0,1,1,0,0,2,0,0,0,0,0,3,1,0,-0.28724
1,1,0,1,0,0,4,0,2,0,0,0,2,0,1,1,2,0,0,0,0,0,0,0,3,0,1,-0.27666
1,0,1,0,1,0,2,2,0,2,0,1,2,0,0,1,2,0,0,0,0,1,0,0,2,1,0,-0.20886999999999997
1,2,0,0,0,0,4,0,0,2,0,0,0,0,3,1,0,0,0,2,0,0,0,0,3,1,0,-0.23978000000000002
1,0,1,0,1,0,2,2,0,2,0,0,0,2,1,1,2,0,0,0,0,1,0,0,2,0,1,-0.43933999999999995
1,0,1,0,1,0,2,2,0,2,0,0,0,2,1,1,2,0,0,0,0,1,0,0,2,0,1,-0.28539000000000003
1,0,1,0,1,0,2,2,0,2,0,0,0,2,1,1,2,0,0,0,0,1,0,0,2,0,1,-0.41573000000000004
1,0,1,0,1,0,2,2,0,2,0,0,0,0,3,1,2,0,0,0,0,1,0,0,2,0,1,-0.34974
1,0,1,0,1,0,2,2,0,2,0,0,0,0,3,1,2,0,0,0,0,1,0,0,2,0,1,-0.35525
1,0,1,0,1,0,2,2,0,2,0,0,0,0,3,1,2,0,0,0,0,1,0,0,2,0,1,-0.34248
1,0,1,0,1,0,2,2,0,2,0,1,2,0,0,1,2,0,0,0,0,1,0,0,2,1,0,-0.20886999999999997
2,1,0,0,0,2,2,2,0,0,2,2,2,0,0,1,0,2,0,0,1,0,0,0,0,0,1,-0.30854000000000004
2,1,0,0,0,2,2,2,0,0,2,2,2,0,0,1,0,2,0,0,1,0,0,0,0,0,1,-0.26213000000000003
1,0,2,0,0,2,0,3,0,1,0,4,2,0,0,0,0,2,0,1,0,1,0,0,0,0,1,-0.42896999999999996
2,1,0,0,0,2,2,2,0,0,2,2,2,0,0,1,0,2,0,0,1,0,0,0,0,0,1,-0.25484
2,0,1,0,0,2,2,2,0,0,0,2,1,0,0,1,2,0,0,0,2,0,1,0,0,0,1,-0.42728
2,1,0,0,0,2,2,2,0,0,2,0,2,2,0,1,0,2,0,0,1,0,0,0,0,0,1,-0.29278000000000004
2,0,1,0,0,2,3,1,0,0,0,0,1,2,0,1,1,1,0,0,2,0,1,0,0,0,1,-0.32736
2,1,0,0,0,2,2,2,0,0,2,0,2,0,2,1,0,2,0,0,1,0,0,0,0,0,1,-0.25601999999999997
2,0,1,0,0,2,3,1,0,0,0,0,1,0,2,1,1,1,0,0,2,0,1,0,0,0,1,-0.41092
1,0,2,0,0,1,0,5,0,0,3,0,0,0,3,0,2,1,0,0,0,0,0,0,1,0,1,-0.30091999999999997
1,0,2,0,0,0,2,4,0,0,0,2,0,0,1,1,2,0,0,0,2,0,0,0,1,0,1,-0.31524
1,0,2,0,0,1,0,5,0,0,2,0,0,2,2,0,2,1,0,0,1,0,0,0,0,0,1,-0.39268000000000003
2,0,1,0,0,6,0,0,0,0,1,0,0,2,0,2,0,1,0,0,2,0,1,0,0,1,0,-0.26002
2,0,1,0,0,6,0,0,0,0,1,2,0,0,0,2,0,1,0,0,2,0,1,0,0,1,0,-0.22878
1,0,2,0,0,3,0,3,0,0,3,1,0,0,2,1,0,2,0,0,0,1,0,0,0,0,1,-0.33886
2,0,1,0,0,6,0,0,0,0,4,0,0,0,2,2,0,1,0,0,0,0,0,1,0,0,1,-0.1572
2,1,0,0,0,2,2,2,0,0,2,0,2,2,0,1,0,2,0,0,1,0,0,0,0,0,1,-0.27576
2,0,1,0,0,2,2,2,0,0,0,0,2,1,0,1,2,0,0,0,2,0,0,1,0,0,1,-0.2428
2,0,1,0,0,6,0,0,0,0,4,0,0,0,2,2,0,1,0,0,0,0,1,0,0,0,1,-0.17425
1,0,0,0,2,2,0,0,0,4,0,0,3,0,0,3,0,0,0,0,0,0,3,0,0,1,0,-0.44738999999999995
1,0,0,0,2,2,0,0,0,4,0,0,3,0,0,3,0,0,0,0,0,0,2,1,0,1,0,-0.4258
1,0,0,0,2,2,0,0,0,4,0,0,3,0,0,3,0,0,0,0,0,0,2,1,0,1,0,-0.42578999999999995
1,0,0,0,2,2,0,0,0,4,0,0,3,0,0,3,0,0,0,0,0,0,1,2,0,1,0,-0.38776
1,0,2,0,0,2,0,4,0,0,3,1,2,0,0,2,0,1,0,0,0,1,0,0,0,0,1,-0.39715
2,0,1,0,0,2,0,2,0,2,0,0,0,0,3,1,0,0,0,2,2,0,0,0,1,0,1,-0.22233000000000003
2,0,1,0,0,2,0,2,0,2,0,0,0,0,3,1,0,0,0,2,2,0,0,0,1,0,1,-0.18211
1,0,1,0,1,4,0,0,0,2,2,0,0,0,1,2,0,1,0,0,0,0,0,0,3,1,0,-0.31066
1,0,1,0,1,4,0,0,0,2,2,0,0,0,1,2,0,1,0,0,0,0,0,0,3,1,0,-0.29495
2,1,0,0,0,2,2,2,0,0,2,0,0,2,2,1,0,2,0,0,1,0,0,0,0,0,1,-0.23313000000000003
2,0,1,0,0,2,2,2,0,0,0,0,0,1,2,1,2,0,0,0,2,0,0,1,0,0,1,-0.36553
1,0,2,0,0,0,0,6,0,0,0,0,1,2,0,1,0,2,0,0,0,0,1,0,2,0,1,-0.20908000000000002
1,0,2,0,0,0,0,6,0,0,0,2,1,0,0,1,0,2,0,0,0,0,1,0,2,0,1,-0.24899000000000002
1,0,2,0,0,0,0,6,0,0,0,1,2,0,0,1,0,2,0,0,0,1,0,0,2,0,1,-0.20598000000000002
2,0,1,0,0,2,0,4,0,0,0,0,2,1,0,1,0,2,0,0,0,0,2,1,0,0,1,-0.08989
2,0,1,0,0,2,0,4,0,0,0,0,2,1,0,1,0,2,0,0,0,0,2,1,0,0,1,-0.09539
2,0,1,0,0,2,0,4,0,0,0,0,2,1,0,1,0,2,0,0,0,0,1,2,0,0,1,-0.20274
2,0,1,0,0,2,0,4,0,0,0,0,2,1,0,1,0,2,0,0,0,0,1,2,0,0,1,-0.12267
2,0,1,0,0,2,0,4,0,0,0,0,4,2,0,1,0,2,0,0,0,0,0,1,0,0,1,-0.1216
2,0,1,0,0,2,0,4,0,0,0,0,2,1,0,1,0,2,0,0,0,0,1,2,0,0,1,-0.12817
2,0,1,0,0,2,0,4,0,0,0,0,2,4,0,1,0,2,0,0,0,0,0,1,0,0,1,-0.19557
2,0,1,0,0,2,0,4,0,0,0,0,2,1,0,1,0,2,0,0,0,0,0,3,0,0,1,-0.15373
2,0,1,0,0,2,0,4,0,0,0,2,2,2,0,1,0,2,0,0,0,0,1,0,0,0,1,-0.23263000000000003
0,0,3,0,0,0,0,4,2,0,2,1,0,0,0,0,0,1,2,0,0,2,1,0,0,0,1,-0.45308999999999994
0,0,3,0,0,0,0,4,2,0,2,0,0,1,0,0,0,1,2,0,0,2,0,1,0,0,1,-0.41415
0,0,3,0,0,0,0,4,2,0,2,1,0,0,0,0,0,1,2,0,0,2,0,1,0,0,1,-0.34304
0,0,3,0,0,0,0,4,2,0,2,1,0,0,0,0,0,1,2,0,0,2,0,1,0,1,0,-0.12859
0,0,3,0,0,0,0,4,2,0,1,0,2,0,0,0,0,1,2,0,2,0,1,0,0,0,1,-0.4213
0,0,3,0,0,0,0,4,2,0,1,0,2,0,0,0,0,1,2,0,2,0,0,1,0,0,1,-0.38826
0,0,3,0,0,0,0,4,2,0,1,0,2,0,0,0,0,1,2,0,2,0,1,0,0,0,1,-0.36224
0,0,3,0,0,0,0,4,2,0,1,0,2,0,0,0,0,1,2,0,2,0,0,1,0,0,1,-0.28356
2,0,1,0,0,2,0,4,0,0,0,2,4,0,0,1,0,2,0,0,0,1,0,0,0,0,1,-0.15216
2,0,1,0,0,2,0,4,0,0,0,2,4,0,0,1,0,2,0,0,0,1,0,0,0,0,1,-0.16005999999999998
2,0,1,0,0,2,0,4,0,0,0,0,2,1,0,1,0,2,0,0,0,1,1,1,0,0,1,-0.09042
2,0,1,0,0,2,0,4,0,0,0,0,2,1,0,1,0,2,0,0,0,1,1,1,0,0,1,-0.17912
2,0,1,0,0,2,0,4,0,0,0,0,2,4,0,1,0,2,0,0,0,1,0,0,0,0,1,-0.16794
2,0,1,0,0,2,0,4,0,0,0,0,2,1,0,1,0,2,0,0,0,1,0,2,0,0,1,-0.13905
2,0,1,0,0,2,0,4,0,0,0,0,2,1,0,1,0,2,0,0,0,1,1,1,0,0,1,-0.25678
2,0,1,0,0,2,0,4,0,0,0,0,2,1,0,1,0,2,0,0,0,1,1,1,0,1,0,-0.13632
2,0,1,0,0,2,0,4,0,0,0,2,4,0,0,1,0,2,0,0,0,0,1,0,0,0,1,-0.19401
2,0,1,0,0,2,0,4,0,0,0,1,2,0,0,1,0,2,0,0,0,1,2,0,0,0,1,-0.11477000000000001
0,0,3,0,0,0,0,4,2,0,3,0,0,0,0,0,0,1,2,0,2,0,0,1,0,0,1,-0.44531000000000004
0,0,3,0,0,0,0,4,2,0,3,0,0,0,0,0,0,1,2,0,2,0,0,1,0,0,1,-0.43328999999999995
0,0,2,0,1,2,0,4,0,0,0,0,0,1,2,2,0,0,0,1,2,0,0,1,0,0,1,-0.44251999999999997
0,0,3,0,0,0,0,4,0,2,3,0,0,0,0,0,0,1,0,2,2,0,1,0,0,0,1,-0.46236000000000005
0,0,3,0,0,0,0,4,0,2,3,0,0,0,0,0,0,1,0,2,2,0,1,0,0,0,1,-0.47898
0,0,2,0,1,2,0,4,0,0,0,0,1,0,2,2,0,0,0,1,2,0,1,0,0,0,1,-0.48606000000000005
0,0,2,0,1,2,0,4,0,0,0,0,3,0,0,2,0,0,0,1,2,0,1,0,0,0,1,-0.5664399999999999
1,0,2,0,0,1,0,4,0,1,2,0,0,1,0,0,0,2,0,1,0,0,0,3,0,1,0,-0.33545
1,0,2,0,0,3,0,3,0,0,3,1,0,0,2,1,0,2,0,0,0,1,0,0,0,0,1,-0.33886
0,0,3,0,0,0,0,4,2,0,1,0,0,0,2,0,0,1,2,0,2,0,0,0,1,0,1,-0.41873
0,0,3,0,0,0,0,4,2,0,1,0,0,0,2,0,0,1,2,0,2,0,0,0,1,0,1,-0.43615
1,1,1,0,0,0,2,2,2,0,0,0,0,1,2,1,0,0,2,0,0,0,0,3,0,0,1,-0.3032
1,1,1,0,0,0,2,2,2,0,0,0,0,1,2,1,0,0,2,0,0,0,0,3,0,0,1,-0.29496
1,0,2,0,0,2,0,4,0,0,0,2,1,0,0,3,0,0,0,0,2,0,1,0,0,0,1,-0.39741
0,0,3,0,0,0,2,4,0,0,1,0,2,0,0,0,2,1,0,0,3,0,0,0,0,0,1,-0.32542
0,0,3,0,0,2,0,4,0,0,1,0,0,0,2,2,0,1,0,0,3,0,0,0,0,0,1,-0.5151
0,0,3,0,0,0,0,6,0,0,0,0,0,0,3,0,0,3,0,0,2,0,0,0,1,1,0,-0.24954
0,0,2,0,1,0,0,2,0,4,0,0,3,0,0,0,0,1,0,2,1,0,2,0,0,0,1,-0.64281
0,0,2,0,1,0,0,2,0,4,0,0,3,0,0,0,0,1,0,2,1,0,2,0,0,0,1,-0.6007100000000001
0,0,2,0,1,0,0,2,0,4,0,0,3,0,0,0,0,1,0,2,1,0,2,0,0,0,1,-0.56415
0,0,2,0,1,0,0,2,0,4,0,0,3,0,0,0,0,1,0,2,1,0,2,0,0,0,1,-0.5105
0,0,2,0,1,0,0,4,2,0,2,0,1,0,0,0,0,0,2,1,0,0,3,0,0,1,0,-0.43387
1,0,1,1,0,2,0,3,1,0,0,0,0,3,0,0,0,3,0,0,1,0,0,2,0,1,0,-0.44131000000000004
1,0,1,1,0,2,0,3,1,0,0,0,0,3,0,0,0,3,0,0,1,0,0,2,0,1,0,-0.44046
1,0,2,0,0,0,2,4,0,0,0,0,1,0,2,1,2,0,0,0,2,0,1,0,0,0,1,-0.47766000000000003
1,0,2,0,0,1,0,5,0,0,2,0,2,0,2,0,0,1,0,2,1,0,0,0,0,0,1,-0.49988
0,0,2,0,1,0,0,4,2,0,0,0,0,0,3,0,0,0,2,1,0,0,0,0,3,0,1,-0.4723
0,0,2,0,1,0,0,4,2,0,0,2,1,0,0,0,0,0,2,1,1,0,2,0,0,1,0,-0.43166000000000004
0,0,2,0,1,0,0,4,2,0,0,2,0,1,0,0,0,0,2,1,1,0,1,1,0,1,0,-0.37314
0,0,2,0,1,0,0,4,2,0,0,2,1,0,0,0,0,0,2,1,1,0,2,0,0,0,1,-0.55965
1,0,2,0,0,3,0,3,0,0,3,1,0,0,2,1,0,2,0,0,0,1,0,0,0,0,1,-0.33886
0,0,2,0,1,0,0,4,2,0,0,0,3,0,0,0,0,0,2,1,0,0,1,0,2,0,1,-0.48918
0,0,3,0,0,0,0,4,0,2,1,0,0,2,0,0,0,1,0,2,3,0,0,0,0,0,1,-0.46296000000000004
0,0,3,0,0,0,2,4,0,0,1,0,0,2,0,0,2,1,0,0,3,0,0,0,0,0,1,-0.38081
0,0,2,0,1,0,0,4,2,0,0,0,0,2,1,0,0,0,2,1,0,0,0,1,2,1,0,-0.20822
0,0,2,0,1,0,0,4,2,0,0,0,0,2,1,0,0,0,2,1,0,0,0,1,2,0,1,-0.30554000000000003
0,0,3,0,0,0,0,4,2,0,0,0,0,0,3,0,0,1,2,0,0,0,0,0,3,0,1,-0.3714
0,0,2,0,1,0,0,4,2,0,0,0,2,0,1,0,0,0,2,1,0,0,0,0,3,0,1,-0.48502
0,0,2,0,1,2,0,4,0,0,0,0,0,1,2,2,0,0,0,1,2,0,0,1,0,0,1,-0.44253000000000003
0,0,3,0,0,0,0,4,2,0,1,0,2,0,0,0,0,1,2,0,3,0,0,0,0,0,1,-0.43856999999999996
0,0,2,0,1,0,0,4,2,0,0,0,0,1,2,0,0,0,2,1,0,0,0,1,2,0,1,-0.44277
0,0,2,0,1,0,0,4,2,0,0,0,2,0,1,0,0,0,2,1,0,0,1,0,2,0,1,-0.24189000000000002
1,0,1,1,0,2,0,3,1,0,0,0,3,0,0,0,0,3,0,0,1,0,1,1,0,0,1,-0.42358999999999997
0,0,2,0,1,0,0,4,2,0,0,0,0,3,0,0,0,0,2,1,0,0,0,1,2,0,1,-0.44243999999999994
0,0,2,0,1,0,0,4,2,0,0,0,0,0,3,0,0,0,2,1,0,0,0,1,2,1,0,-0.23088000000000003
0,0,2,0,1,0,0,4,2,0,0,0,0,0,3,0,0,0,2,1,0,0,0,1,2,0,1,-0.3103
0,0,2,0,1,0,0,4,2,0,0,0,0,1,2,0,0,0,2,1,1,0,0,2,0,1,0,-0.3585
0,0,2,0,1,0,0,4,2,0,0,0,0,1,2,0,0,0,2,1,1,0,0,2,0,0,1,-0.37269
0,0,3,0,0,0,2,4,0,0,3,0,0,0,0,0,2,1,0,0,2,0,1,0,0,0,1,-0.42165
0,0,3,0,0,0,2,4,0,0,3,0,0,0,0,0,2,1,0,0,2,0,1,0,0,0,1,-0.4181
0,0,3,0,0,0,0,4,0,2,3,0,0,0,0,0,0,1,0,2,2,0,1,0,0,0,1,-0.46236000000000005
0,0,3,0,0,0,0,4,0,2,3,0,0,0,0,0,0,1,0,2,2,0,1,0,0,0,1,-0.47898
1,0,2,0,0,2,0,4,0,0,3,0,2,1,0,2,0,1,0,0,0,0,0,1,0,0,1,-0.45485
0,0,2,0,1,0,0,4,0,2,0,0,1,2,0,0,0,0,0,3,1,0,1,0,1,0,1,-0.5516300000000001
0,0,2,0,1,0,0,4,0,2,0,0,1,2,0,0,0,0,0,3,1,0,1,0,1,0,1,-0.65079
0,0,2,0,1,0,2,4,0,0,0,0,1,2,0,0,2,0,0,1,1,0,1,0,1,0,1,-0.51683
0,0,2,0,1,0,2,4,0,0,0,0,1,2,0,0,2,0,0,1,1,0,1,0,1,0,1,-0.63553
0,0,2,0,1,0,0,4,0,2,1,0,2,0,0,0,0,0,0,3,1,0,0,2,0,0,1,-0.46141000000000004
0,0,2,0,1,0,2,4,0,0,1,0,2,0,0,0,2,0,0,1,1,0,0,2,0,0,1,-0.57889
1,0,1,1,0,2,0,3,1,0,0,0,3,0,0,0,0,3,0,0,1,0,1,1,0,0,1,-0.36928
0,0,2,0,1,0,0,6,0,0,0,0,2,1,0,0,0,2,0,1,0,0,0,3,0,1,0,-0.33878
0,0,2,0,1,0,0,6,0,0,0,0,0,3,0,0,0,2,0,1,0,0,0,3,0,1,0,-0.36599
0,0,2,0,1,0,0,6,0,0,0,0,0,1,2,0,0,2,0,1,0,0,0,3,0,0,1,-0.39703
0,0,2,0,1,2,0,2,0,2,0,2,0,1,0,2,0,1,0,0,0,0,0,3,0,0,1,-0.19087
0,0,2,0,1,2,0,2,0,2,0,2,0,1,0,2,0,1,0,0,0,0,0,3,0,0,1,-0.29077
1,1,1,0,0,2,0,2,0,2,0,0,0,1,2,0,1,0,0,2,0,0,0,3,0,0,1,-0.37637
0,0,2,1,0,0,2,2,2,0,0,0,0,3,0,0,2,1,0,0,0,0,0,3,0,0,1,-0.30678
0,0,2,1,0,0,2,2,2,0,0,0,2,1,0,0,2,1,0,0,0,0,0,3,0,0,1,-0.42353999999999997
0,0,2,1,0,0,2,2,2,0,0,0,2,1,0,0,2,1,0,0,0,0,0,3,0,0,1,-0.29308
1,0,1,1,0,2,0,2,2,0,0,0,0,1,2,0,0,0,3,0,0,0,0,3,0,1,0,-0.19197999999999998
1,0,1,1,0,2,0,2,2,0,0,0,0,1,2,0,0,0,3,0,0,0,0,3,0,0,1,-0.19062
0,1,2,0,0,0,2,2,2,0,0,0,2,1,0,0,0,1,2,0,0,0,0,3,0,0,1,-0.41453999999999996
0,1,2,0,0,0,2,2,2,0,0,0,2,1,0,0,0,1,2,0,0,0,0,3,0,1,0,-0.35975999999999997
0,1,2,0,0,0,2,2,2,0,0,0,0,3,0,0,0,1,2,0,0,0,0,3,0,0,1,-0.36321
0,1,2,0,0,0,2,2,2,0,0,0,0,3,0,0,0,1,2,0,0,0,0,3,0,1,0,-0.32915
1,1,1,0,0,2,0,2,0,2,0,0,2,1,0,0,1,0,0,2,0,0,0,3,0,1,0,-0.18262
1,1,1,0,0,2,0,2,0,2,0,0,2,1,0,0,1,0,0,2,0,0,0,3,0,1,0,-0.19503
1,1,1,0,0,2,0,2,0,2,0,0,0,3,0,0,1,0,0,2,0,0,0,3,0,1,0,-0.15713
1,1,1,0,0,2,0,2,0,2,0,0,0,3,0,0,1,0,0,2,0,0,0,3,0,1,0,-0.18234
0,0,2,0,1,0,0,6,0,0,0,2,0,1,0,0,0,2,0,1,0,0,0,3,0,1,0,-0.43244
1,0,0,2,0,2,0,0,4,0,0,2,0,1,0,3,0,0,0,0,0,0,0,3,0,0,1,-0.19859000000000002
1,1,1,0,0,2,2,2,0,0,2,0,0,1,0,3,0,0,0,0,0,0,0,3,0,1,0,-0.15055
1,1,1,0,0,2,2,2,0,0,2,0,0,1,0,3,0,0,0,0,0,0,0,3,0,0,1,-0.22186999999999998
1,0,2,0,0,0,0,4,2,0,2,0,0,1,0,1,0,0,2,0,0,0,0,3,0,0,1,-0.34437
0,1,2,0,0,2,2,2,0,0,2,0,0,1,0,2,0,1,0,0,0,0,0,3,0,0,1,-0.36298
0,1,2,0,0,2,2,2,0,0,2,0,0,1,0,2,0,1,0,0,0,0,0,3,0,1,0,-0.30296
0,1,2,0,0,0,2,2,2,0,0,0,0,1,2,0,0,1,2,0,0,0,0,3,0,0,1,-0.41886
0,1,2,0,0,0,2,2,2,0,0,0,0,1,2,0,0,1,2,0,0,0,0,3,0,0,1,-0.35941
0,0,2,0,1,0,0,4,0,2,0,0,0,1,2,0,0,0,0,3,0,0,0,3,0,0,1,-0.56839
1,1,1,0,0,2,0,2,0,2,0,0,0,1,2,0,1,0,0,2,0,0,0,3,0,1,0,-0.16403
1,0,2,0,0,0,0,6,0,0,0,1,2,0,0,1,0,2,0,0,0,1,0,0,2,0,1,-0.20598000000000002
1,0,2,0,0,0,0,6,0,0,0,1,0,0,2,1,0,2,0,0,0,1,0,0,2,1,0,-0.2365
1,0,2,0,0,2,0,3,0,1,0,4,0,0,2,0,0,2,0,1,0,1,0,0,0,0,1,-0.36905
1,0,2,0,0,0,0,6,0,0,0,0,0,2,1,1,0,2,0,0,0,1,0,0,2,1,0,-0.15922
1,0,2,0,0,2,0,4,0,0,0,2,0,0,1,0,0,3,0,0,0,0,0,1,2,1,0,-0.33848
1,0,1,0,1,2,0,2,0,2,0,3,0,0,0,3,0,0,0,0,0,3,0,0,0,1,0,-0.24301999999999999
1,0,1,0,1,2,0,2,0,2,0,3,0,0,0,3,0,0,0,0,0,3,0,0,0,1,0,-0.19852
3,0,0,0,0,4,0,2,0,0,2,1,0,0,0,1,0,2,0,0,2,1,0,0,0,0,1,-0.32881
3,0,0,0,0,4,0,2,0,0,2,0,1,0,0,1,0,2,0,0,2,0,1,0,0,0,1,-0.30993000000000004
1,0,1,1,0,2,0,2,2,0,0,3,0,0,0,3,0,0,0,0,0,3,0,0,0,0,1,-0.30033000000000004
1,0,1,1,0,2,0,2,2,0,0,3,0,0,0,3,0,0,0,0,0,3,0,0,0,1,0,-0.17257999999999998
1,0,1,0,1,2,0,2,0,2,0,1,0,0,2,3,0,0,0,0,1,2,0,0,0,0,1,-0.29405
1,0,1,0,1,2,0,2,0,2,0,1,0,0,2,3,0,0,0,0,1,2,0,0,0,0,1,-0.22798000000000002
1,0,1,0,1,2,0,2,0,2,0,1,0,0,2,3,0,0,0,0,1,2,0,0,0,0,1,-0.30204000000000003
1,0,1,0,1,2,0,2,0,2,0,1,0,0,2,3,0,0,0,0,1,2,0,0,0,0,1,-0.21928000000000003
1,0,2,0,0,0,0,6,0,0,0,2,1,0,0,1,0,2,0,0,0,0,1,0,2,0,1,-0.24899000000000002
1,0,2,0,0,0,0,6,0,0,0,0,0,0,3,1,0,2,0,0,0,1,0,0,2,1,0,-0.18295
1,0,2,0,0,0,0,6,0,0,0,0,0,0,3,1,0,2,0,0,0,1,0,0,2,1,0,-0.19646
1,0,2,0,0,3,0,3,0,0,3,1,0,0,2,1,0,2,0,0,0,1,0,0,0,0,1,-0.33886
2,0,0,0,1,4,0,0,0,2,0,1,0,0,2,0,0,0,0,3,0,3,0,0,0,1,0,-0.1997
1,0,2,0,0,0,0,6,0,0,0,2,0,0,1,1,0,2,0,0,0,0,1,0,2,1,0,-0.26006
1,0,2,0,0,0,0,6,0,0,0,2,0,0,1,1,0,2,0,0,0,0,1,0,2,1,0,-0.28014
1,0,1,1,0,2,0,2,2,0,0,0,0,1,2,3,0,0,0,0,2,0,0,1,0,0,1,-0.35973
1,0,1,1,0,2,0,2,2,0,0,0,0,1,2,3,0,0,0,0,2,0,0,1,0,0,1,-0.37792
1,0,2,0,0,0,0,6,0,0,0,2,0,0,1,1,0,2,0,0,0,0,0,1,2,1,0,-0.27216999999999997
1,0,2,0,0,0,0,6,0,0,0,2,0,0,1,1,0,2,0,0,0,0,0,1,2,1,0,-0.26654
1,0,2,0,0,0,0,6,0,0,0,1,0,2,0,1,0,2,0,0,0,1,0,0,2,1,0,-0.19638
0,0,3,0,0,2,0,4,0,0,2,0,0,0,1,2,0,1,0,0,0,0,0,0,3,0,1,-0.07022
1,0,2,0,0,0,0,6,0,0,0,2,0,1,0,1,0,2,0,0,0,0,0,1,2,1,0,-0.27121999999999996
1,0,1,1,0,2,0,2,2,0,0,0,1,0,2,3,0,0,0,0,2,0,1,0,0,0,1,-0.36973
2,0,0,0,1,2,0,0,0,4,0,2,0,0,1,1,0,0,0,2,0,0,0,0,3,1,0,-0.17147
2,0,0,0,1,2,0,0,0,4,0,2,0,0,1,1,0,0,0,2,0,0,0,0,3,0,1,-0.36578
2,0,0,1,0,4,0,0,0,2,2,0,0,0,1,0,0,0,1,2,0,0,0,0,3,1,0,-0.20210999999999998
3,0,0,0,0,4,0,2,0,0,3,0,0,0,0,1,0,2,0,0,1,0,0,0,2,0,1,-0.2733
2,0,0,0,1,4,0,0,0,2,1,2,0,0,0,0,0,0,0,3,1,0,0,0,2,1,0,-0.25845
2,0,0,0,1,2,0,0,2,2,2,0,0,0,1,1,0,0,2,0,0,0,0,0,3,0,1,-0.24403000000000002
2,0,0,0,1,2,0,0,2,2,2,0,0,0,1,1,0,0,2,0,0,0,0,0,3,0,1,-0.23185999999999998
2,0,0,0,1,4,0,0,0,2,3,0,0,0,0,3,0,0,0,0,1,0,0,0,2,0,1,-0.33494
2,0,0,0,1,4,0,0,0,2,3,0,0,0,0,3,0,0,0,0,1,0,0,0,2,1,0,-0.23749
2,0,0,0,1,2,0,0,0,4,0,3,0,0,0,1,0,0,0,2,0,1,0,0,2,1,0,-0.22485
2,0,0,0,1,2,0,0,0,4,0,3,0,0,0,1,0,0,0,2,0,1,0,0,2,0,1,-0.35746999999999995
2,0,1,0,0,2,0,4,0,0,1,2,0,0,0,1,0,2,0,0,1,0,0,0,2,0,1,-0.33223
2,0,1,0,0,2,0,4,0,0,1,2,0,0,0,1,0,2,0,0,1,0,0,0,2,1,0,-0.23521
2,0,0,0,1,2,0,0,0,4,2,0,1,0,0,1,0,0,0,2,0,0,3,0,0,1,0,-0.30806
2,0,0,0,1,2,0,0,0,4,2,0,1,0,0,1,0,0,0,2,0,0,3,0,0,0,1,-0.42466000000000004
0,0,3,0,0,0,2,4,0,0,1,0,0,0,2,0,2,1,0,0,3,0,0,0,0,0,1,-0.53913
2,0,0,0,1,2,0,2,0,2,2,0,2,0,2,1,0,2,0,0,1,0,0,0,0,0,1,-0.27634000000000003
2,0,1,0,0,2,0,2,0,2,0,0,1,0,2,1,0,0,0,2,2,0,1,0,0,0,1,-0.39158000000000004
2,0,0,0,1,2,0,0,0,4,0,0,1,0,2,1,0,0,0,2,1,0,2,0,0,1,0,-0.26744
2,0,0,0,1,2,0,0,0,4,0,0,1,0,2,1,0,0,0,2,1,0,2,0,0,0,1,-0.2548
2,0,0,0,1,2,0,0,0,4,0,0,1,0,2,1,0,0,0,2,1,0,2,0,0,1,0,-0.2728
2,0,0,0,1,2,0,0,0,4,0,0,1,0,2,1,0,0,0,2,1,0,2,0,0,0,1,-0.36803
2,0,0,0,1,4,0,0,0,2,1,0,2,0,0,0,0,0,0,3,1,0,0,0,2,1,0,-0.24199
2,0,0,0,1,4,0,0,0,2,1,0,0,2,0,0,0,0,0,3,1,0,0,0,2,1,0,-0.20849
2,0,1,0,0,2,0,4,0,0,2,0,0,0,1,1,0,2,0,0,1,0,0,0,2,0,1,-0.3335
2,0,1,0,0,2,0,4,0,0,2,0,0,0,1,1,0,2,0,0,1,0,0,0,2,1,0,-0.1772
2,0,1,0,0,2,0,4,0,0,4,0,0,0,2,1,0,2,0,0,0,0,0,0,1,0,1,-0.31982
2,0,1,0,0,2,0,4,0,0,2,0,0,0,1,1,0,2,0,0,1,0,0,0,2,0,1,-0.19245
2,0,0,0,1,2,0,2,0,2,2,0,2,0,2,1,0,2,0,0,1,0,0,0,0,0,1,-0.29980999999999997
2,0,0,0,1,2,0,2,0,2,2,0,0,2,2,1,0,2,0,0,1,0,0,0,0,0,1,-0.27569
1,2,0,0,0,2,4,0,0,0,0,1,0,0,2,3,0,0,0,0,0,3,0,0,0,0,1,-0.23456
1,2,0,0,0,0,4,2,0,0,0,2,1,0,0,1,0,2,0,0,0,0,3,0,0,0,1,-0.52976
1,2,0,0,0,2,2,2,0,0,0,2,1,0,0,0,1,2,0,0,0,0,3,0,0,1,0,-0.35349
1,2,0,0,0,2,2,1,1,0,0,2,1,0,0,0,1,2,0,0,0,0,3,0,0,1,0,-0.36261
0,0,3,0,0,0,2,4,0,0,0,1,2,0,0,0,2,1,0,0,0,3,0,0,0,0,1,-0.34897
0,0,3,0,0,0,2,4,0,0,0,1,0,2,0,0,2,1,0,0,0,3,0,0,0,0,1,-0.38086
1,2,0,0,0,0,4,2,0,0,0,0,0,0,3,1,0,2,0,0,0,0,0,0,3,1,0,-0.3252
1,2,0,0,0,0,4,2,0,0,0,2,0,0,1,1,0,2,0,0,0,0,0,0,3,0,1,-0.27539
1,2,0,0,0,2,4,0,0,0,0,2,1,0,0,3,0,0,0,0,1,0,2,0,0,0,1,-0.28455
1,2,0,0,0,2,4,0,0,0,0,2,1,0,0,3,0,0,0,0,1,0,2,0,0,0,1,-0.275
1,2,0,0,0,2,4,0,0,0,0,2,1,0,0,0,3,0,0,0,0,0,3,0,0,1,0,-0.24556
1,2,0,0,0,2,4,0,0,0,0,2,1,0,0,0,3,0,0,0,0,0,3,0,0,0,1,-0.31728
1,0,2,0,0,0,0,6,0,0,0,1,0,0,2,1,0,2,0,0,0,3,0,0,0,1,0,-0.29003
0,0,3,0,0,0,0,6,0,0,0,4,2,0,0,0,0,3,0,0,0,0,1,0,0,0,1,-0.46511
0,0,3,0,0,0,0,6,0,0,0,0,1,2,0,0,0,3,0,0,0,2,1,0,0,0,1,-0.36754000000000003
1,2,0,0,0,2,2,2,0,0,0,2,1,0,0,0,1,2,0,0,0,0,1,0,2,1,0,-0.34997
1,2,0,0,0,2,2,2,0,0,0,2,1,0,0,0,1,2,0,0,0,0,1,0,2,1,0,-0.32888
1,2,0,0,0,0,4,2,0,0,0,0,0,1,2,1,0,2,0,0,0,0,2,1,0,0,1,-0.36968
1,2,0,0,0,0,4,2,0,0,0,0,1,0,2,1,0,2,0,0,0,0,2,1,0,1,0,-0.20245
1,2,0,0,0,0,4,2,0,0,0,0,1,0,2,1,0,2,0,0,0,0,2,1,0,0,1,-0.34901
1,2,0,0,0,0,4,2,0,0,0,0,2,0,1,1,0,2,0,0,0,0,0,0,3,1,0,-0.28312
1,2,0,0,0,0,4,2,0,0,0,0,0,2,1,1,0,2,0,0,0,0,0,0,3,1,0,-0.2682
0,0,3,0,0,0,0,4,2,0,0,1,0,0,2,0,0,1,2,0,0,3,0,0,0,0,1,-0.41281999999999996
0,0,3,0,0,0,0,6,0,0,0,0,0,1,2,0,0,3,0,0,0,2,0,1,0,0,1,-0.32743
0,0,3,0,0,0,0,6,0,0,0,1,0,0,2,0,0,3,0,0,0,3,0,0,0,0,1,-0.39505999999999997
0,0,3,0,0,0,0,6,0,0,0,1,2,0,0,0,0,3,0,0,0,2,0,0,1,0,1,-0.33884000000000003
0,0,3,0,0,0,0,6,0,0,0,1,0,2,0,0,0,3,0,0,0,2,0,0,1,0,1,-0.31632
0,0,3,0,0,0,0,6,0,0,0,1,2,0,0,0,0,3,0,0,0,2,0,0,1,0,1,-0.23396999999999998
0,0,3,0,0,0,0,6,0,0,0,1,0,2,0,0,0,3,0,0,0,2,0,0,1,0,1,-0.28299
3,0,0,0,0,4,2,0,0,0,3,0,0,0,0,1,2,0,0,0,1,2,0,0,0,0,1,-0.18212
